x1,y1,x2,y2,score,category
742.97473,48.39569,1141.8446,720.0,0.8810523,person
442.00763,437.52243,496.654,709.9735,0.6752133,tie
123.02432,193.28717,715.66174,719.72406,0.6658149,person
982.8031,308.41736,1027.3658,419.98706,0.260075,tie
